Prediction,Label
3.40766e-07,0.0
0.999726,1.0
8.96174e-05,0.0
0.999651,1.0
1.53859e-08,0.0
0.998043,1.0
0.99972,1.0
1.21676e-06,0.0
1.05419e-05,0.0
0.999466,1.0
