Prediction,Label
0.994309,1.0
3.74293e-05,0.0
0.00419444,0.0
0.998574,1.0
0.994876,1.0
0.997993,1.0
1.71624e-06,0.0
0.998157,1.0
0.0162973,0.0
0.998836,1.0
