Prediction,Label
0.999754,1.0
0.0237491,0.0
0.999806,1.0
0.880348,1.0
4.66608e-05,0.0
0.0598845,0.0
0.0263453,0.0
0.935673,1.0
1.4837e-05,0.0
0.929898,1.0
