Prediction,Label
0.0178979,0.0
0.0729542,0.0
0.0443481,0.0
0.0585989,0.0
0.584699,1.0
0.0796989,0.0
0.422732,1.0
0.959743,1.0
0.0435854,1.0
0.137125,0.0
