Prediction,Label
0.838244,1.0
0.999293,1.0
0.00412964,0.0
0.201997,0.0
0.188078,0.0
0.0253437,0.0
0.0654406,0.0
0.999434,1.0
3.56114e-05,0.0
0.999183,1.0
