Prediction,Label
0.440736,0.0
0.894638,1.0
0.870493,1.0
0.164787,0.0
0.980413,1.0
0.00234908,0.0
0.162302,0.0
0.819352,0.0
0.972683,1.0
0.294141,0.0
