Prediction,Label
2.71633e-05,0.0
0.999922,1.0
0.00110435,0.0
0.000133484,0.0
0.00314546,0.0
0.00969648,0.0
5.29338e-07,0.0
0.998361,1.0
0.999898,1.0
1.89326e-06,0.0
