Prediction,Label
0.0162807,0.0
0.987526,1.0
0.00401327,0.0
0.995772,1.0
0.981623,1.0
0.993661,1.0
8.0385e-07,0.0
0.966581,1.0
0.0859569,0.0
0.995852,1.0
