Prediction,Label
0.615325,0.0
0.447471,0.0
0.327577,0.0
0.999987,1.0
0.999974,1.0
0.999967,1.0
5.06941e-05,0.0
8.16248e-06,0.0
0.000221993,0.0
4.04293e-05,0.0
