Prediction,Label
1.86129e-09,0.0
0.997346,1.0
0.995852,1.0
1.023e-06,0.0
0.935478,1.0
7.73933e-05,0.0
1.88068e-06,0.0
2.14331e-06,0.0
3.68593e-05,0.0
0.99752,1.0
