Prediction,Label
0.995431,1.0
0.000719414,0.0
1.63172e-06,0.0
0.992809,1.0
0.997765,1.0
0.957215,1.0
0.999014,1.0
2.34266e-06,0.0
0.00100831,0.0
0.000178999,0.0
