Prediction,Label
0.977133,1.0
0.13132,0.0
0.168295,0.0
0.962396,1.0
0.986979,1.0
0.982974,1.0
0.985625,1.0
0.988245,1.0
0.14793,0.0
6.36836e-05,0.0
