Prediction,Label
0.994417,1.0
0.988622,1.0
0.00213154,0.0
0.975522,1.0
0.985813,1.0
0.00113199,0.0
0.878687,1.0
0.934855,1.0
0.0604513,0.0
0.990166,1.0
