Prediction,Label
0.997564,1.0
0.999773,1.0
0.0171724,0.0
0.999596,1.0
0.999913,1.0
0.999792,1.0
0.00122532,0.0
4.88722e-05,0.0
1.95597e-06,0.0
3.50518e-07,0.0
