Prediction,Label
0.993604,1.0
0.0312366,0.0
0.985031,1.0
0.997045,1.0
6.10569e-06,0.0
0.993291,1.0
0.998254,1.0
0.00214292,0.0
0.998745,1.0
0.999195,1.0
