Prediction,Label
0.9999,1.0
0.000151445,0.0
3.88928e-05,0.0
0.999919,1.0
0.999679,1.0
0.00115115,0.0
0.998763,1.0
0.552032,0.0
5.89998e-07,0.0
2.02148e-06,0.0
