Prediction,Label
9.63945e-07,0.0
0.999359,1.0
0.999007,0.0
0.999508,1.0
0.915012,1.0
0.998311,1.0
0.849563,1.0
0.998659,0.0
1.29486e-06,0.0
0.999258,1.0
