Prediction,Label
0.999347,1.0
0.0068337,0.0
5.75125e-09,0.0
0.0127987,0.0
0.989998,1.0
0.988101,1.0
0.00167389,0.0
0.000864684,0.0
0.000135786,0.0
0.991489,1.0
