Prediction,Label
4.28802e-05,0.0
0.998907,1.0
1.0506e-07,0.0
0.999892,1.0
0.999862,1.0
0.000525651,0.0
0.978559,1.0
4.15009e-05,0.0
0.99966,1.0
7.92817e-08,0.0
