Prediction,Label
0.999685,1.0
0.999567,1.0
0.999107,1.0
0.998281,1.0
0.981525,1.0
0.0250464,0.0
0.999611,1.0
0.999637,1.0
0.000269353,0.0
0.00770059,0.0
