Prediction,Label
3.95206e-06,0.0
0.000369506,0.0
0.999949,1.0
0.999973,1.0
7.80945e-06,0.0
0.999966,1.0
3.67225e-06,0.0
0.999974,1.0
0.999976,1.0
0.999968,1.0
