Prediction,Label
0.962934,1.0
6.77066e-06,0.0
0.000714483,0.0
0.993669,1.0
0.00224803,0.0
0.994821,1.0
1.28253e-07,0.0
5.06787e-07,0.0
0.0282849,0.0
0.00849474,1.0
