Prediction,Label
0.722531,0.0
0.971566,1.0
1.07998e-06,0.0
6.86018e-05,1.0
0.000139464,0.0
0.000154827,0.0
0.979994,1.0
0.183098,1.0
0.785608,0.0
3.50165e-06,0.0
