Prediction,Label
9.52261e-05,0.0
0.999731,1.0
4.11951e-05,0.0
0.999938,1.0
0.99984,1.0
0.999804,1.0
0.999822,1.0
0.999527,1.0
7.70975e-05,0.0
2.07076e-06,0.0
