Prediction,Label
0.99973,1.0
0.0116353,0.0
0.999767,1.0
0.999606,1.0
0.999388,1.0
1.41066e-06,0.0
0.999612,1.0
0.999253,1.0
0.00508408,0.0
0.999719,1.0
