Prediction,Label
3.36539e-05,0.0
5.44954e-05,0.0
0.999846,1.0
0.0798283,0.0
0.999879,1.0
2.97034e-05,0.0
3.5876e-06,0.0
7.89886e-06,0.0
1.347e-05,0.0
0.999838,1.0
