Prediction,Label
0.000114817,0.0
0.000238271,0.0
0.000254582,0.0
0.000167865,0.0
0.998868,1.0
0.00688859,0.0
0.999763,1.0
0.993603,1.0
0.999857,1.0
0.999646,1.0
