Prediction,Label
3.53995e-06,0.0
0.999959,1.0
0.99998,1.0
2.34442e-05,0.0
1.35827e-05,0.0
0.999985,1.0
0.999959,1.0
0.000276964,0.0
0.999967,1.0
5.20524e-06,0.0
