Prediction,Label
0.000256331,0.0
0.993866,1.0
0.99103,1.0
0.00367594,0.0
0.995987,1.0
0.005076,0.0
0.0944543,0.0
0.0668155,0.0
3.41566e-05,0.0
0.000208891,0.0
