,Threshold,FAR,FRR
0,0.0,0.0,1.0
0,0.1,0.0223463687150838,0.13122171945701355
0,0.2,0.031578947368421054,0.09523809523809523
0,0.3,0.031088082901554404,0.08212560386473433
0,0.4,0.04060913705583756,0.07389162561576357
0,0.5,0.04477611940298507,0.06030150753768848
0,0.6,0.06220095693779904,0.041884816753926746
0,0.7,0.0794392523364486,0.037634408602150504
0,0.8,0.0821917808219178,0.016574585635359074
0,0.9,0.11013215859030837,0.011560693641618491
