Prediction,Label
0.111391,1.0
0.999326,1.0
6.95675e-06,0.0
3.71631e-07,0.0
0.784524,1.0
0.999305,1.0
0.999538,1.0
7.01997e-07,0.0
1.36031e-06,0.0
0.999196,1.0
