Prediction,Label
1.93216e-05,0.0
0.000264663,0.0
0.98851,1.0
0.979155,1.0
0.992039,1.0
0.905892,1.0
1.09052e-06,0.0
0.000782841,0.0
0.968651,1.0
5.75255e-10,0.0
