Prediction,Label
0.999936,1.0
2.4436e-06,0.0
2.12381e-05,0.0
0.999745,1.0
0.999879,1.0
0.999889,1.0
0.000230972,0.0
9.55719e-05,0.0
3.20258e-06,0.0
0.999867,1.0
