Prediction,Label
0.00554066,0.0
1.14851e-05,0.0
1.13265e-05,0.0
2.09113e-05,0.0
0.999974,1.0
3.97348e-05,0.0
0.999641,1.0
0.000427199,0.0
0.999964,1.0
1.40589e-05,0.0
