Prediction,Label
0.528585,0.0
0.897086,1.0
0.972305,1.0
0.00747437,0.0
0.490236,0.0
0.00119574,0.0
0.928764,1.0
0.00413392,0.0
0.0444982,0.0
0.28785,0.0
