Prediction,Label
0.112886,0.0
0.523919,0.0
0.535744,1.0
0.611008,1.0
0.398853,1.0
0.00425044,0.0
0.5826,1.0
0.707866,0.0
0.196777,0.0
0.00116163,0.0
