Prediction,Label
0.664631,1.0
0.643037,1.0
0.00289422,0.0
0.362206,1.0
0.625948,1.0
0.338931,0.0
0.556494,1.0
0.510784,0.0
0.954313,1.0
0.00184373,0.0
