Prediction,Label
1.26006e-06,0.0
0.0120869,0.0
0.998496,1.0
2.04281e-06,0.0
7.20325e-06,0.0
0.00497011,0.0
0.989959,1.0
0.999794,1.0
0.998082,1.0
2.72362e-07,0.0
