Prediction,Label
0.999946,1.0
1.45757e-06,0.0
2.07413e-06,0.0
0.999889,1.0
0.999957,1.0
0.999939,1.0
1.21192e-05,0.0
0.999857,1.0
0.999975,1.0
1.33094e-05,0.0
