Prediction,Label
2.36324e-05,0.0
0.999983,1.0
0.999978,1.0
2.93605e-07,0.0
0.999969,1.0
0.999965,1.0
1.01814e-06,0.0
9.68484e-06,0.0
0.00302721,1.0
0.993683,1.0
