Prediction,Label
0.784021,0.0
0.999842,1.0
0.999885,1.0
1.51769e-05,0.0
0.999911,1.0
0.999885,1.0
0.000312685,0.0
0.996344,1.0
1.37214e-05,0.0
2.82425e-05,0.0
